task_id,Comments,task_generation_config_json,env,domain,l1_category,l2_category,suggested_difficulty,suggested_hint,suggested_max_steps,suggested_split,metadata_json
ticketmaster/sports/lakers/no_resale/101,,"{""_target_"": ""navi_bench.ticketmaster.ticket_info_gathering.generate_task_config_deterministic"", ""mode"": ""any"", ""url"": ""https://www.ticketmaster.com/"", ""task"": ""Search for a Los Angeles Lakers home game and find standard tickets only (filter out Verified Resale) during {dateRange}."", ""queries"": [[{""event_names"": [""lakers""], ""exclude_resale"": true, ""require_available"": true}]], ""location"": ""United States"", ""timezone"": ""America/Los_Angeles"", ""values"": {""dateRange"": ""Saturdays in next month""}}",real,ticketmaster,e_commerce,sports,null,null,null,validation,null
ticketmaster/theater/hamilton/budget/101,,"{""_target_"": ""navi_bench.ticketmaster.ticket_info_gathering.generate_task_config_deterministic"", ""mode"": ""any"", ""url"": ""https://www.ticketmaster.com/"", ""task"": ""Search for Hamilton (NY) theater tickets priced under $350 for {dateRange}."", ""queries"": [[{""event_names"": [""hamilton""], ""event_categories"": [""theater"", ""arts""], ""max_price"": 350.0, ""require_available"": true}]], ""location"": ""United States"", ""timezone"": ""America/New_York"", ""values"": {""dateRange"": ""Saturdays in next month""}}",real,ticketmaster,e_commerce,theater,null,null,null,validation,null
ticketmaster/comedy/jokoy_chappelle_soundcheck/101,,"{""_target_"": ""navi_bench.ticketmaster.ticket_info_gathering.generate_task_config_deterministic"", ""mode"": ""any"", ""url"": ""https://www.ticketmaster.com/"", ""task"": ""Search for the 'Soundcheck Series' comedy event featuring Jo Koy and hosted by Dave Chappelle scheduled for {dateRange}."", ""queries"": [[{""event_names"": [""jo koy"", ""dave chappelle"", ""soundcheck series""], ""require_available"": false}]], ""location"": ""United States"", ""timezone"": ""America/New_York"", ""values"": {""dateRange"": ""Saturdays in next month""}}",real,ticketmaster,e_commerce,comedy,null,null,null,validation,null
ticketmaster/comedy/jo_koy_chappelle/yellow_springs/101,,"{""_target_"": ""navi_bench.ticketmaster.ticket_info_gathering.generate_task_config_deterministic"", ""mode"": ""any"", ""url"": ""https://www.ticketmaster.com/"", ""task"": ""Search for the 'Soundcheck Series' comedy event featuring Jo Koy and Dave Chappelle in Yellow Springs, OH during {dateRange}. Navigate to the event page and check ticket availability."", ""queries"": [[{""event_names"": [""jo koy"", ""dave chappelle""], ""cities"": [""yellow springs""], ""require_available"": true}]], ""location"": ""United States"", ""timezone"": ""America/New_York"", ""values"": {""dateRange"": ""Saturdays in next month""}}",real,ticketmaster,e_commerce,comedy,null,null,null,validation,null
ticketmaster/festivals/bottlerock/saturday/101,There is no need to mention city in the query since city is not explicitly mentioned in the task.,"{""_target_"": ""navi_bench.ticketmaster.ticket_info_gathering.generate_task_config_deterministic"", ""mode"": ""any"", ""url"": ""https://www.ticketmaster.com/"", ""task"": ""Search for the BottleRock Napa Valley festival. Find the event specifically for {dateRange}."", ""queries"": [[{""event_names"": [""bottlerock napa valley""], ""require_available"": false}]], ""location"": ""United States"", ""timezone"": ""America/Los_Angeles"", ""values"": {""dateRange"": ""Saturdays in next month""}}",real,ticketmaster,e_commerce,festivals,null,null,null,validation,null
ticketmaster/concerts/backstreet_boys/standard_show/101,added venues,"{""_target_"": ""navi_bench.ticketmaster.ticket_info_gathering.generate_task_config_deterministic"", ""mode"": ""any"", ""url"": ""https://www.ticketmaster.com/"", ""task"": ""Search for the 'Backstreet Boys: Into The Millennium' concert at the Sphere in Las Vegas. Find tickets for {dateRange}. Look for the available options."", ""queries"": [[{""event_names"": [""backstreet boys: into the millennium""], ""cities"": [""las vegas""], ""venues"":[""sphere""],""require_available"": true}]], ""location"": ""United States"", ""timezone"": ""America/Los_Angeles"", ""values"": {""dateRange"": ""Fridays in next month""}}",real,ticketmaster,e_commerce,concerts,null,null,null,validation,null
ticketmaster/sports/wwe/raw_seattle/101,corrected the event query,"{""_target_"": ""navi_bench.ticketmaster.ticket_info_gathering.generate_task_config_deterministic"", ""mode"": ""any"", ""url"": ""https://www.ticketmaster.com/"", ""task"": ""Find tickets for WWE Monday Night Raw in Seattle. Verify ticket availability for the show on {dateRange}."", ""queries"": [[{""event_names"": [""wwe monday night raw""], ""cities"": [""seattle""], ""require_available"": true}]], ""location"": ""United States"", ""timezone"": ""America/Los_Angeles"", ""values"": {""dateRange"": ""Mondays in next month""}}",real,ticketmaster,e_commerce,sports,null,null,null,validation,null
ticketmaster/sports/wwe/smackdown_pittsburgh_standard/101,"exclude_resale"": true not sure abt this query","{""_target_"": ""navi_bench.ticketmaster.ticket_info_gathering.generate_task_config_deterministic"", ""mode"": ""any"", ""url"": ""https://www.ticketmaster.com/"", ""task"": ""Search for the WWE Friday Night Smackdown event in Pittsburgh on {dateRange}. Look for only the standard admission tickets."", ""queries"": [[{""event_names"": [""smackdown"", ""friday night smackdown""], ""cities"": [""pittsburgh""], ""exclude_resale"": true, ""require_available"": true}]], ""location"": ""United States"", ""timezone"": ""America/New_York"", ""values"": {""dateRange"": ""Fridays in next month""}}",real,ticketmaster,e_commerce,sports,null,null,null,validation,null
ticketmaster/family/monster_jam/discovery_dates/101,"""require_available"": false ? or true","{""_target_"": ""navi_bench.ticketmaster.ticket_info_gathering.generate_task_config_deterministic"", ""mode"": ""any"", ""url"": ""https://www.ticketmaster.com/"", ""task"": ""Search for Monster Jam on Ticketmaster and use the date filter to show events during {dateRange}."", ""queries"": [[{""event_names"": [""monster jam""], ""require_available"": false}]], ""location"": ""United States"", ""timezone"": ""America/New_York"", ""values"": {""dateRange"": ""Saturdays in next month""}}",real,ticketmaster,e_commerce,family,null,null,null,validation,null
ticketmaster/family/monster_jam/grand_rapids_freestyle/101,,"{""_target_"": ""navi_bench.ticketmaster.ticket_info_gathering.generate_task_config_deterministic"", ""mode"": ""any"", ""url"": ""https://www.ticketmaster.com/"", ""task"": ""Search for 'Monster Jam Freestyle Mania' in Grand Rapids scheduled for {dateRange}."", ""queries"": [[{""event_names"": [""monster jam freestyle mania""], ""cities"": [""grand rapids""], ""require_available"": true}]], ""location"": ""United States"", ""timezone"": ""America/Detroit"", ""values"": {""dateRange"": ""Saturdays in next month""}}",real,ticketmaster,e_commerce,family,null,null,null,validation,null
ticketmaster/family/monster_jam/hartford_exact/101,,"{""_target_"": ""navi_bench.ticketmaster.ticket_info_gathering.generate_task_config_deterministic"", ""mode"": ""any"", ""url"": ""https://www.ticketmaster.com/"", ""task"": ""Find tickets for the Monster Jam event in Hartford exactly on {dateRange}."", ""queries"": [[{""event_names"": [""monster jam""], ""cities"": [""hartford""], ""require_available"": true}]], ""location"": ""United States"", ""timezone"": ""America/New_York"", ""values"": {""dateRange"": ""Saturdays in next month""}}",real,ticketmaster,e_commerce,family,null,null,null,validation,null
ticketmaster/family/monster_jam/tucson_budget/101,,"{""_target_"": ""navi_bench.ticketmaster.ticket_info_gathering.generate_task_config_deterministic"", ""mode"": ""any"", ""url"": ""https://www.ticketmaster.com/"", ""task"": ""Look for Monster Jam tickets in Tucson on {dateRange}. Adjust the maximum price filter to $60 or find individual tickets listed under $60."", ""queries"": [[{""event_names"": [""monster jam""], ""cities"": [""tucson""], ""max_price"": 60.0, ""require_available"": true}]], ""location"": ""United States"", ""timezone"": ""America/Phoenix"", ""values"": {""dateRange"": ""Fridays in next month""}}",real,ticketmaster,e_commerce,family,null,null,null,validation,null
ticketmaster/family/monster_jam/biloxi_standard/101,check once later,"{""_target_"": ""navi_bench.ticketmaster.ticket_info_gathering.generate_task_config_deterministic"", ""mode"": ""any"", ""url"": ""https://www.ticketmaster.com/"", ""task"": ""Search for Monster Jam in Biloxi on {dateRange}. Ensure you filter out verified resale tickets and verify standard ticket availability."", ""queries"": [[{""event_names"": [""monster jam""], ""cities"": [""biloxi""], ""exclude_resale"": true, ""require_available"": true}]], ""location"": ""United States"", ""timezone"": ""America/Chicago"", ""values"": {""dateRange"": ""Sundays in next month""}}",real,ticketmaster,e_commerce,family,null,null,null,validation,null
ticketmaster/sports/dodgers/royals_budget/101,"check with the event name, what should be here?","{""_target_"": ""navi_bench.ticketmaster.ticket_info_gathering.generate_task_config_deterministic"", ""mode"": ""any"", ""url"": ""https://www.ticketmaster.com/"", ""task"": ""Search for the Los Angeles Dodgers game against the Kansas City Royals on {dateRange}. Find tickets priced less than $70."", ""queries"": [[{""event_names"": [""dodgers"", ""royals""], ""max_price"": 70.0, ""require_available"": true}]], ""location"": ""United States"", ""timezone"": ""America/Los_Angeles"", ""values"": {""dateRange"": ""Saturdays in next month""}}",real,ticketmaster,e_commerce,sports,null,null,null,validation,null
ticketmaster/sports/dodgers/spring_training_surprise/101,,"{""_target_"": ""navi_bench.ticketmaster.ticket_info_gathering.generate_task_config_deterministic"", ""mode"": ""any"", ""url"": ""https://www.ticketmaster.com/"", ""task"": ""Search for Los Angeles Dodgers tickets for their Spring Training game against the Chicago White Sox happening at Surprise Stadium in Arizona on {dateRange}."", ""queries"": [[{""event_names"": [""dodgers"", ""white sox""], ""cities"": [""surprise""], ""require_available"": true}]], ""location"": ""United States"", ""timezone"": ""America/Los_Angeles"", ""values"": {""dateRange"": ""Sundays in next month""}}",real,ticketmaster,e_commerce,sports,null,null,null,validation,null
ticketmaster/sports/dodgers/vs_athletics/101,,"{""_target_"": ""navi_bench.ticketmaster.ticket_info_gathering.generate_task_config_deterministic"", ""mode"": ""any"", ""url"": ""https://www.ticketmaster.com/"", ""task"": ""Find tickets for the Los Angeles Dodgers home game against The A's on {dateRange}."", ""queries"": [[{""event_names"": [""dodgers"", ""a's"", ""athletics""], ""require_available"": true}]], ""location"": ""United States"", ""timezone"": ""America/Los_Angeles"", ""values"": {""dateRange"": ""Wednesdays in next month""}}",real,ticketmaster,e_commerce,sports,null,null,null,validation,null
ticketmaster/sports/dodgers/vs_diamondbacks_flexible/101,,"{""_target_"": ""navi_bench.ticketmaster.ticket_info_gathering.generate_task_config_deterministic"", ""mode"": ""any"", ""url"": ""https://www.ticketmaster.com/"", ""task"": ""Look for an upcoming Los Angeles Dodgers game against the Arizona Diamondbacks. Check availability for {dateRange}."", ""queries"": [[{""event_names"": [""dodgers"", ""diamondbacks""], ""require_available"": true}]], ""location"": ""United States"", ""timezone"": ""America/Los_Angeles"", ""values"": {""dateRange"": ""Saturdays in next month""}}",real,ticketmaster,e_commerce,sports,null,null,null,validation,null
ticketmaster/sports/dodgers/royals_4_tickets/101,,"{""_target_"": ""navi_bench.ticketmaster.ticket_info_gathering.generate_task_config_deterministic"", ""mode"": ""any"", ""url"": ""https://www.ticketmaster.com/"", ""task"": ""Find exactly 4 tickets for the Los Angeles Dodgers at Kansas City Royals game on {dateRange}."", ""queries"": [[{""event_names"": [""dodgers"", ""royals""], ""ticket_quantities"": [4], ""require_available"": true}]], ""location"": ""United States"", ""timezone"": ""America/Chicago"", ""values"": {""dateRange"": ""Tuesdays in next month""}}",real,ticketmaster,e_commerce,sports,null,null,null,validation,null
ticketmaster/sports/dodgers/white_sox_primary/101,,"{""_target_"": ""navi_bench.ticketmaster.ticket_info_gathering.generate_task_config_deterministic"", ""mode"": ""any"", ""url"": ""https://www.ticketmaster.com/"", ""task"": ""Find tickets for the {dateRange} game between the Dodgers and White Sox. Filter the results to exclude 'Verified Resale' and only show Standard tickets."", ""queries"": [[{""event_names"": [""dodgers"", ""white sox""], ""exclude_resale"": true, ""require_available"": true}]], ""location"": ""United States"", ""timezone"": ""America/Phoenix"", ""values"": {""dateRange"": ""Sundays in next month""}}",real,ticketmaster,e_commerce,sports,null,null,null,validation,null
ticketmaster/sports/mlb/kansas_city_discovery/101,,"{""_target_"": ""navi_bench.ticketmaster.ticket_info_gathering.generate_task_config_deterministic"", ""mode"": ""any"", ""url"": ""https://www.ticketmaster.com/"", ""task"": ""Search for any Dodgers/Royals game in Kansas City happening on {dateRange}."", ""queries"": [[{""event_names"": [""dodgers"", ""royals""], ""event_categories"": [""sports""], ""cities"": [""kansas city""], ""require_available"": false}]], ""location"": ""United States"", ""timezone"": ""America/Chicago"", ""values"": {""dateRange"": ""Saturdays in next month""}}",real,ticketmaster,e_commerce,sports,null,null,null,validation,null
ticketmaster/concerts/bruno_mars/strict_budget_pair/101,,"{""_target_"": ""navi_bench.ticketmaster.ticket_info_gathering.generate_task_config_deterministic"", ""mode"": ""any"", ""url"": ""https://www.ticketmaster.com/"", ""task"": ""Search for the Bruno Mars 'The Romantic Tour' concert on {dateRange} for exactly 2 tickets priced between $600 and $1000."", ""queries"": [[{""event_names"": [""bruno mars"", ""the romantic tour""], ""ticket_quantities"": [2], ""min_price"": 600.0, ""max_price"": 1000.0, ""require_available"": true}]], ""location"": ""United States"", ""timezone"": ""America/Los_Angeles"", ""values"": {""dateRange"": ""Saturdays in next month""}}",real,ticketmaster,e_commerce,concerts,null,null,null,validation,null
ticketmaster/concerts/bruno_mars/premium_resale/101,"require_resale"": true is this correct? for the verified resale option","{""_target_"": ""navi_bench.ticketmaster.ticket_info_gathering.generate_task_config_deterministic"", ""mode"": ""any"", ""url"": ""https://www.ticketmaster.com/"", ""task"": ""Search for Bruno Mars tickets for his {dateRange}. Ensure the 'Verified Resale' filter is active, and find tickets priced over $700."", ""queries"": [[{""event_names"": [""bruno mars""], ""require_resale"": true, ""min_price"": 700.0, ""require_available"": true}]], ""location"": ""United States"", ""timezone"": ""America/New_York"", ""values"": {""dateRange"": ""Saturdays in next month""}}",real,ticketmaster,e_commerce,concerts,null,null,null,validation,null
ticketmaster/concerts/bruno_mars/front_rows/101,,"{""_target_"": ""navi_bench.ticketmaster.ticket_info_gathering.generate_task_config_deterministic"", ""mode"": ""any"", ""url"": ""https://www.ticketmaster.com/"", ""task"": ""Search for the Bruno Mars concert on {dateRange}. Find available tickets specifically located in Row 9 or Row 10."", ""queries"": [[{""event_names"": [""bruno mars""], ""rows"": [""9"", ""10""], ""require_available"": true}]], ""location"": ""United States"", ""timezone"": ""America/Chicago"", ""values"": {""dateRange"": ""Saturdays in next month""}}",real,ticketmaster,e_commerce,concerts,null,null,null,validation,null
ticketmaster/theater/mj/matinee/101,"added venues, edited the event ","{""_target_"": ""navi_bench.ticketmaster.ticket_info_gathering.generate_task_config_deterministic"", ""mode"": ""any"", ""url"": ""https://www.ticketmaster.com/"", ""task"": ""Search for 'MJ the musical' at the Neil Simon Theatre in New York on {dateRange} and check availability."", ""queries"": [[{""event_names"": [""mj the musical""], ""cities"": [""new york""], ""venues"":[""neil simon theatre""], ""times"": [""13:00""], ""require_available"": true}]], ""location"": ""United States"", ""timezone"": ""America/New_York"", ""values"": {""dateRange"": ""Wednesdays in next month""}}",real,ticketmaster,e_commerce,theater,null,null,null,validation,null
ticketmaster/concerts/bruno_mars/cheap_ticket/101,,"{""_target_"": ""navi_bench.ticketmaster.ticket_info_gathering.generate_task_config_deterministic"", ""mode"": ""any"", ""url"": ""https://www.ticketmaster.com/"", ""task"": ""Search for Bruno Mars 'The Romantic Tour' for {dateRange}. Find any available ticket that costs less than $650."", ""queries"": [[{""event_names"": [""bruno mars""], ""max_price"": 650.0, ""require_available"": true}]], ""location"": ""United States"", ""timezone"": ""America/Los_Angeles"", ""values"": {""dateRange"": ""Saturdays in next month""}}",real,ticketmaster,e_commerce,concerts,null,null,null,validation,null
ticketmaster/concerts/jonas_brothers/lincoln_budget/101,,"{""_target_"": ""navi_bench.ticketmaster.ticket_info_gathering.generate_task_config_deterministic"", ""mode"": ""any"", ""url"": ""https://www.ticketmaster.com/"", ""task"": ""Search for the Jonas Brothers performing at the 'The Venue at Thunder Valley Casino Resort' in Lincoln, CA on {dateRange}. Find tickets that cost maximum $250."", ""queries"": [[{""event_names"": [""jonas brothers""], ""venues"": [""the venue at thunder valley casino resort""], ""cities"": [""lincoln""], ""max_price"": 250.0, ""require_available"": true}]], ""location"": ""United States"", ""timezone"": ""America/Los_Angeles"", ""values"": {""dateRange"": ""Fridays in next month""}}",real,ticketmaster,e_commerce,concerts,null,null,null,validation,null
ticketmaster/festivals/boots_and_hearts/friday_pass/101,updated the event name in query,"{""_target_"": ""navi_bench.ticketmaster.ticket_info_gathering.generate_task_config_deterministic"", ""mode"": ""any"", ""url"": ""https://www.ticketmaster.com/"", ""task"": ""Search for the Boots And Hearts Music Festival in Oro-Medonte, ON, Canada on {dateRange} and check ticket availability."", ""queries"": [[{""event_names"": [""boots and hearts music festival""], ""cities"": [""oro-medonte""], ""require_available"": true}]], ""location"": ""Canada"", ""timezone"": ""America/Toronto"", ""values"": {""dateRange"": ""Fridays in next month""}}",real,ticketmaster,e_commerce,festivals,null,null,null,validation,null
ticketmaster/concerts/jonas_brothers/hometown_jacksonville/101,,"{""_target_"": ""navi_bench.ticketmaster.ticket_info_gathering.generate_task_config_deterministic"", ""mode"": ""any"", ""url"": ""https://www.ticketmaster.com/"", ""task"": ""Search for the Jonas Brothers 'Greetings From Your Hometown' concert happening at Daily's Place Amphitheater in Jacksonville on {dateRange}."", ""queries"": [[{""event_names"": [""jonas 20"", ""greetings from your hometown""], ""cities"": [""jacksonville""], ""require_available"": true}]], ""location"": ""United States"", ""timezone"": ""America/New_York"", ""values"": {""dateRange"": ""Saturdays in next month""}}",real,ticketmaster,e_commerce,concerts,null,null,null,validation,null
ticketmaster/concerts/jonas_brothers/aspen_private/101,,"{""_target_"": ""navi_bench.ticketmaster.ticket_info_gathering.generate_task_config_deterministic"", ""mode"": ""any"", ""url"": ""https://www.ticketmaster.com/"", ""task"": ""Search for the 'Jonas Brothers' concert scheduled for {dateRange} in Aspen, CO."", ""queries"": [[{""event_names"": [""jonas brothers""], ""cities"": [""aspen""], ""require_available"": true}]], ""location"": ""United States"", ""timezone"": ""America/Denver"", ""values"": {""dateRange"": ""Saturdays in next month""}}",real,ticketmaster,e_commerce,concerts,null,null,null,validation,null
ticketmaster/concerts/jonas_brothers/ziegfeld_new_york/101,,"{""_target_"": ""navi_bench.ticketmaster.ticket_info_gathering.generate_task_config_deterministic"", ""mode"": ""any"", ""url"": ""https://www.ticketmaster.com/"", ""task"": ""Find tickets for the Jonas Brothers performance at the Ziegfeld Ballroom in New York on {dateRange}, specifically standard tickets."", ""queries"": [[{""event_names"": [""jonas brothers""], ""venues"": [""ziegfeld ballroom""], ""cities"": [""new york""], ""require_available"": true}]], ""location"": ""United States"", ""timezone"": ""America/New_York"", ""values"": {""dateRange"": ""Saturdays in next month""}}",real,ticketmaster,e_commerce,concerts,null,null,null,validation,null
ticketmaster/concerts/charlie_puth/qty3_price_range/101,updated the event ,"{""_target_"": ""navi_bench.ticketmaster.ticket_info_gathering.generate_task_config_deterministic"", ""mode"": ""any"", ""url"": ""https://www.ticketmaster.com/"", ""task"": ""Search for 'Charlie Puth: 'Whatever's Clever! World Tour' on {dateRange}. Select exactly 3 tickets priced between $80 and $180."", ""queries"": [[{""event_names"": [""charlie puth: whatever's clever! world tour""], ""ticket_quantities"": [3], ""min_price"": 80.0, ""max_price"": 180.0, ""require_available"": true}]], ""location"": ""United States"", ""timezone"": ""America/New_York"", ""values"": {""dateRange"": ""Fridays in next month""}}",real,ticketmaster,e_commerce,concerts,null,null,null,validation,null
ticketmaster/concerts/charlie_puth/under_60/101,,"{""_target_"": ""navi_bench.ticketmaster.ticket_info_gathering.generate_task_config_deterministic"", ""mode"": ""any"", ""url"": ""https://www.ticketmaster.com/"", ""task"": ""Search for the Charlie Puth concert on {dateRange}. Find any available standard ticket that costs less than $60."", ""queries"": [[{""event_names"": [""charlie puth""], ""max_price"": 60.0, ""require_available"": true}]], ""location"": ""United States"", ""timezone"": ""America/New_York"", ""values"": {""dateRange"": ""Fridays in next month""}}",real,ticketmaster,e_commerce,concerts,null,null,null,validation,null
ticketmaster/concerts/charlie_puth/row_2/101,updated the event,"{""_target_"": ""navi_bench.ticketmaster.ticket_info_gathering.generate_task_config_deterministic"", ""mode"": ""any"", ""url"": ""https://www.ticketmaster.com/"", ""task"": ""Find tickets for the 'Charlie Puth: 'Whatever's Clever! World Tour' on {dateRange}. Look for tickets specifically located in Row 2."", ""queries"": [[{""event_names"": [""charlie puth: whatever's clever! world tour""], ""rows"": [""2""], ""require_available"": true}]], ""location"": ""United States"", ""timezone"": ""America/Chicago"", ""values"": {""dateRange"": ""Fridays in next month""}}",real,ticketmaster,e_commerce,concerts,null,null,null,validation,null
ticketmaster/concerts/charlie_puth/rio_de_janeiro/101,fixed: aligned city to Hollywood FL as in task text,"{""_target_"": ""navi_bench.ticketmaster.ticket_info_gathering.generate_task_config_deterministic"", ""mode"": ""any"", ""url"": ""https://www.ticketmaster.com/"", ""task"": ""Search for the Charlie Puth concert taking place in Hollywood, FL."", ""queries"": [[{""event_names"": [""charlie puth""], ""cities"": [""hollywood""], ""require_available"": true}]], ""location"": ""United States"", ""timezone"": ""America/New_York""}",real,ticketmaster,e_commerce,concerts,null,null,null,validation,null
ticketmaster/concerts/charlie_puth/whatevers_clever_tour/101,updated the event,"{""_target_"": ""navi_bench.ticketmaster.ticket_info_gathering.generate_task_config_deterministic"", ""mode"": ""any"", ""url"": ""https://www.ticketmaster.com/"", ""task"": ""Search specifically for the 'Whatever's Clever! World Tour' happening in New York on {dateRange} and ensure tickets are available."", ""queries"": [[{""event_names"": [""charlie puth: whatever's clever! world tour""], ""cities"": [""new york""], ""require_available"": true}]], ""location"": ""United States"", ""timezone"": ""America/Los_Angeles"", ""values"": {""dateRange"": ""Fridays in next month""}}",real,ticketmaster,e_commerce,concerts,null,null,null,validation,null
ticketmaster/comedy/jeff_dunham/tight_budget_pair/101,updated the event,"{""_target_"": ""navi_bench.ticketmaster.ticket_info_gathering.generate_task_config_deterministic"", ""mode"": ""any"", ""url"": ""https://www.ticketmaster.com/"", ""task"": ""Search for the 'Jeff Dunham: Artificial Intelligence' comedy tour on {dateRange} for exactly 2 tickets priced between minimum $60 and maximum $80."", ""queries"": [[{""event_names"": [""jeff dunham: artificial intelligence""], ""ticket_quantities"": [2], ""min_price"": 60.0, ""max_price"": 80.0, ""require_available"": true}]], ""location"": ""United States"", ""timezone"": ""America/New_York"", ""values"": {""dateRange"": ""Saturdays in next month""}}",real,ticketmaster,e_commerce,comedy,null,null,null,validation,null
ticketmaster/comedy/jeff_dunham/detroit_matinee/101,,"{""_target_"": ""navi_bench.ticketmaster.ticket_info_gathering.generate_task_config_deterministic"", ""mode"": ""any"", ""url"": ""https://www.ticketmaster.com/"", ""task"": ""Search for Jeff Dunham in Houston, TX on {dateRange}."", ""queries"": [[{""event_names"": [""jeff dunham""], ""cities"": [""houston""], ""require_available"": true}]], ""location"": ""United States"", ""timezone"": ""America/Detroit"", ""values"": {""dateRange"": ""Saturdays in next month""}}",real,ticketmaster,e_commerce,comedy,null,null,null,validation,null
ticketmaster/comedy/jeff_dunham/vegas_show/101,"venue was missing, thus added.","{""_target_"": ""navi_bench.ticketmaster.ticket_info_gathering.generate_task_config_deterministic"", ""mode"": ""any"", ""url"": ""https://www.ticketmaster.com/"", ""task"": ""Find tickets for 'Jeff Dunham's: Artificial Intelligence' tour stop in Houston, TX at the hobby center on {dateRange}."", ""queries"": [[{""event_names"": [""jeff dunham: artificial intelligence""], ""cities"": [""houston""], ""venues"": [""hobby center""], ""require_available"": true}]], ""location"": ""United States"", ""timezone"": ""America/Los_Angeles"", ""values"": {""dateRange"": ""Sundays in next month""}}",real,ticketmaster,e_commerce,comedy,null,null,null,validation,null
ticketmaster/comedy/jeff_dunham/budget_under_80/101,ticket type to add in query,"{""_target_"": ""navi_bench.ticketmaster.ticket_info_gathering.generate_task_config_deterministic"", ""mode"": ""any"", ""url"": ""https://www.ticketmaster.com/"", ""task"": ""Search for Jeff Dunham tickets for his {dateRange} performance and verify if there are standard tickets available that cost less than $80."", ""queries"": [[{""event_names"": [""jeff dunham""], ""max_price"": 80.0, ""exclude_resale"": true, ""require_available"": true}]], ""location"": ""United States"", ""timezone"": ""America/New_York"", ""values"": {""dateRange"": ""Saturdays in next month""}}",real,ticketmaster,e_commerce,comedy,null,null,null,validation,null
ticketmaster/comedy/detroit_discovery/101,"""require_available"": false} is this ok?","{""_target_"": ""navi_bench.ticketmaster.ticket_info_gathering.generate_task_config_deterministic"", ""mode"": ""any"", ""url"": ""https://www.ticketmaster.com/discover/comedy"", ""task"": ""Go to the Ticketmaster Comedy section and search for events happening in 'Detroit, MI' on {dateRange}. Do not need to click into any actual event."", ""queries"": [[{""event_categories"": [""comedy""], ""cities"": [""detroit""], ""require_available"": false}]], ""location"": ""United States"", ""timezone"": ""America/Detroit"", ""values"": {""dateRange"": ""Saturdays in next month""}}",real,ticketmaster,e_commerce,comedy,null,null,null,validation,null
ticketmaster/comedy/jeff_dunham/row_c/101,,"{""_target_"": ""navi_bench.ticketmaster.ticket_info_gathering.generate_task_config_deterministic"", ""mode"": ""any"", ""url"": ""https://www.ticketmaster.com/"", ""task"": ""Look for tickets to the Jeff Dunham 'Artificial Intelligence' tour on {dateRange}. Check if there are any tickets available in Row C."", ""queries"": [[{""event_names"": [""jeff dunham: artificial intelligence""], ""rows"": [""c""], ""require_available"": true}]], ""location"": ""United States"", ""timezone"": ""America/New_York"", ""values"": {""dateRange"": ""Saturdays in next month""}}",real,ticketmaster,e_commerce,comedy,null,null,null,validation,null
ticketmaster/theater/david_copperfield/late_show/101,,"{""_target_"": ""navi_bench.ticketmaster.ticket_info_gathering.generate_task_config_deterministic"", ""mode"": ""any"", ""url"": ""https://www.ticketmaster.com/"", ""task"": ""Search for David Copperfield tickets on {dateRange}. Find availability specifically for the 9:30 PM late show."", ""queries"": [[{""event_names"": [""david copperfield""], ""times"": [""21:30""], ""require_available"": true}]], ""location"": ""United States"", ""timezone"": ""America/Los_Angeles"", ""values"": {""dateRange"": ""Mondays in next month""}}",real,ticketmaster,e_commerce,theater,null,null,null,validation,null
ticketmaster/theater/david_copperfield/discovery_dates/101,,"{""_target_"": ""navi_bench.ticketmaster.ticket_info_gathering.generate_task_config_deterministic"", ""mode"": ""any"", ""url"": ""https://www.ticketmaster.com/"", ""task"": ""Search for David Copperfield events during {dateRange}. Do not need to click into a specific event."", ""queries"": [[{""event_names"": [""david copperfield""], ""require_available"": false}]], ""location"": ""United States"", ""timezone"": ""America/Los_Angeles"", ""values"": {""dateRange"": ""Saturdays in next month""}}",real,ticketmaster,e_commerce,theater,null,null,null,validation,null
ticketmaster/theater/david_copperfield/4_tickets/101,,"{""_target_"": ""navi_bench.ticketmaster.ticket_info_gathering.generate_task_config_deterministic"", ""mode"": ""any"", ""url"": ""https://www.ticketmaster.com/"", ""task"": ""Find exactly 4 tickets for the David Copperfield magic show on {dateRange}."", ""queries"": [[{""event_names"": [""david copperfield""], ""ticket_quantities"": [4], ""require_available"": true}]], ""location"": ""United States"", ""timezone"": ""America/Los_Angeles"", ""values"": {""dateRange"": ""Tuesdays in next month""}}",real,ticketmaster,e_commerce,theater,null,null,null,validation,null
ticketmaster/theater/lion_king/boise_location/101,dates not mentioned,"{""_target_"": ""navi_bench.ticketmaster.ticket_info_gathering.generate_task_config_deterministic"", ""mode"": ""any"", ""url"": ""https://www.ticketmaster.com/"", ""task"": ""Search for 'The Lion King (touring)'. Find the event happening in Cincinnati, OH at the Aronoff Center-Procter & Gamble Hall."", ""queries"": [[{""event_names"": [""the lion king touring""], ""cities"": [""cincinnati""], ""venues"": [""aronoff center-procter & gamble hall""], ""require_available"": true}]], ""location"": ""United States"", ""timezone"": ""America/Boise""}",real,ticketmaster,e_commerce,theater,null,null,null,validation,null
ticketmaster/theater/lion_king/march_7_matinee/101,added city,"{""_target_"": ""navi_bench.ticketmaster.ticket_info_gathering.generate_task_config_deterministic"", ""mode"": ""any"", ""url"": ""https://www.ticketmaster.com/"", ""task"": ""Find tickets for 'The Lion King (touring)' in Providence, RI on {dateRange} to the 1:00 PM show and check availability."", ""queries"": [[{""event_names"": [""the lion king touring""], ""cities"": [""providence""], ""times"": [""13:00""], ""require_available"": true}]], ""location"": ""United States"", ""timezone"": ""America/Boise"", ""values"": {""dateRange"": ""Saturdays in next month""}}",real,ticketmaster,e_commerce,theater,null,null,null,validation,null
ticketmaster/theater/lion_king/march_7_evening/101,,"{""_target_"": ""navi_bench.ticketmaster.ticket_info_gathering.generate_task_config_deterministic"", ""mode"": ""any"", ""url"": ""https://www.ticketmaster.com/"", ""task"": ""Find tickets for 'The Lion King' in Boise on {dateRange}. Navigate specifically to the 7:00 PM evening show and check availability."", ""queries"": [[{""event_names"": [""lion king""], ""times"": [""19:00""], ""require_available"": true}]], ""location"": ""United States"", ""timezone"": ""America/Boise"", ""values"": {""dateRange"": ""Saturdays in next month""}}",real,ticketmaster,e_commerce,theater,null,null,null,validation,null
ticketmaster/theater/lion_king/qty2_price_range/101,,"{""_target_"": ""navi_bench.ticketmaster.ticket_info_gathering.generate_task_config_deterministic"", ""mode"": ""any"", ""url"": ""https://www.ticketmaster.com/"", ""task"": ""Search for 'The Lion King touring show on {dateRange} and look for exactly 2 tickets priced in the range of $100 and $280."", ""queries"": [[{""event_names"": [""the lion king touring""], ""ticket_quantities"": [2], ""min_price"": 100.0, ""max_price"": 280.0, ""require_available"": true}]], ""location"": ""United States"", ""timezone"": ""America/Boise"", ""values"": {""dateRange"": ""Fridays in next month""}}",real,ticketmaster,e_commerce,theater,null,null,null,validation,null
ticketmaster/theater/lion_king/budget_under_150/101,,"{""_target_"": ""navi_bench.ticketmaster.ticket_info_gathering.generate_task_config_deterministic"", ""mode"": ""any"", ""url"": ""https://www.ticketmaster.com/"", ""task"": ""Look for 'The Lion King' tickets on {dateRange}. Find any available ticket that costs less than $150."", ""queries"": [[{""event_names"": [""lion king""], ""max_price"": 150.0, ""require_available"": true}]], ""location"": ""United States"", ""timezone"": ""America/Boise"", ""values"": {""dateRange"": ""Fridays in next month""}}",real,ticketmaster,e_commerce,theater,null,null,null,validation,null
ticketmaster/theater/lion_king/premium_over_350/101,,"{""_target_"": ""navi_bench.ticketmaster.ticket_info_gathering.generate_task_config_deterministic"", ""mode"": ""any"", ""url"": ""https://www.ticketmaster.com/"", ""task"": ""Search for premium tickets to 'The Lion King' on {dateRange}. Find tickets that are priced over $350."", ""queries"": [[{""event_names"": [""lion king""], ""min_price"": 350.0, ""require_available"": true}]], ""location"": ""United States"", ""timezone"": ""America/Boise"", ""values"": {""dateRange"": ""Fridays in next month""}}",real,ticketmaster,e_commerce,theater,null,null,null,validation,null
ticketmaster/theater/lion_king/row_g/101,,"{""_target_"": ""navi_bench.ticketmaster.ticket_info_gathering.generate_task_config_deterministic"", ""mode"": ""any"", ""url"": ""https://www.ticketmaster.com/"", ""task"": ""Find tickets for 'The Lion King' on {dateRange}. Look for tickets specifically located in Row G."", ""queries"": [[{""event_names"": [""lion king""], ""rows"": [""g""], ""require_available"": true}]], ""location"": ""United States"", ""timezone"": ""America/Boise"", ""values"": {""dateRange"": ""Fridays in next month""}}",real,ticketmaster,e_commerce,theater,null,null,null,validation,null
ticketmaster/theater/lion_king/row_l_pair/101,,"{""_target_"": ""navi_bench.ticketmaster.ticket_info_gathering.generate_task_config_deterministic"", ""mode"": ""any"", ""url"": ""https://www.ticketmaster.com/"", ""task"": ""Find exactly 2 tickets for 'The Lion King' on {dateRange}. Ensure the tickets are located in Row L."", ""queries"": [[{""event_names"": [""lion king""], ""ticket_quantities"": [2], ""rows"": [""l""], ""require_available"": true}]], ""location"": ""United States"", ""timezone"": ""America/Boise"", ""values"": {""dateRange"": ""Fridays in next month""}}",real,ticketmaster,e_commerce,theater,null,null,null,validation,null
ticketmaster/theater/lion_king/row_z/101,,"{""_target_"": ""navi_bench.ticketmaster.ticket_info_gathering.generate_task_config_deterministic"", ""mode"": ""any"", ""url"": ""https://www.ticketmaster.com/"", ""task"": ""Search for tickets to 'Disney Presents The Lion King (Touring)' on {dateRange}. Look for tickets specifically located further back in Row Z."", ""queries"": [[{""event_names"": [""lion king""], ""rows"": [""z""], ""require_available"": true}]], ""location"": ""United States"", ""timezone"": ""America/Boise"", ""values"": {""dateRange"": ""Fridays in next month""}}",real,ticketmaster,e_commerce,theater,null,null,null,validation,null
ticketmaster/theater/lion_king/primary_budget/101,,"{""_target_"": ""navi_bench.ticketmaster.ticket_info_gathering.generate_task_config_deterministic"", ""mode"": ""any"", ""url"": ""https://www.ticketmaster.com/"", ""task"": ""Search for 'Disney Presents The Lion King (Touring)' on {dateRange}. Verify only the standard tickets availability priced under $120."", ""queries"": [[{""event_names"": [""disney presents the lion king (touring)""], ""exclude_resale"": true, ""max_price"": 120.0, ""require_available"": true}]], ""location"": ""United States"", ""timezone"": ""America/Boise"", ""values"": {""dateRange"": ""Fridays in next month""}}",real,ticketmaster,e_commerce,theater,null,null,null,validation,null
ticketmaster/sports/rugby/banshees_season_ticket/101,,"{""_target_"": ""navi_bench.ticketmaster.ticket_info_gathering.generate_task_config_deterministic"", ""mode"": ""any"", ""url"": ""https://www.ticketmaster.com/"", ""task"": ""Search for the 2026 Banshees Season Ticket in Quincy, MA. Navigate to the listing and check ticket availability."", ""queries"": [[{""event_names"": [""banshees season ticket""], ""cities"": [""quincy""], ""require_available"": true}]], ""location"": ""United States"", ""timezone"": ""America/New_York""}",real,ticketmaster,e_commerce,sports,null,null,null,validation,null
ticketmaster/sports/rugby/exiles_vs_breakers/101,What will the event query contain?,"{""_target_"": ""navi_bench.ticketmaster.ticket_info_gathering.generate_task_config_deterministic"", ""mode"": ""any"", ""url"": ""https://www.ticketmaster.com/"", ""task"": ""Find tickets for the New York Exiles vs Bay Breakers match happening in Mt. Vernon on {dateRange}."", ""queries"": [[{""event_names"": [""exiles"", ""bay breakers""], ""cities"": [""mt. vernon""], ""require_available"": true}]], ""location"": ""United States"", ""timezone"": ""America/New_York"", ""values"": {""dateRange"": ""Saturdays in next month""}}",real,ticketmaster,e_commerce,sports,null,null,null,validation,null
ticketmaster/sports/rugby/tempest_vs_banshees_primary/101,"What will the event query contain? 
Resale value is this ok?","{""_target_"": ""navi_bench.ticketmaster.ticket_info_gathering.generate_task_config_deterministic"", ""mode"": ""any"", ""url"": ""https://www.ticketmaster.com/"", ""task"": ""Find only the standard tickets for the Chicago Tempest vs Boston Banshees game in Lisle on {dateRange}."", ""queries"": [[{""event_names"": [""tempest"", ""banshees""], ""cities"": [""lisle""], ""exclude_resale"": true, ""require_available"": true}]], ""location"": ""United States"", ""timezone"": ""America/Chicago"", ""values"": {""dateRange"": ""Sundays in next month""}}",real,ticketmaster,e_commerce,sports,null,null,null,validation,null
ticketmaster/sports/rugby/onyx_vs_exiles/101,What will the event query contain?,"{""_target_"": ""navi_bench.ticketmaster.ticket_info_gathering.generate_task_config_deterministic"", ""mode"": ""any"", ""url"": ""https://www.ticketmaster.com/"", ""task"": ""Look for the Denver Onyx vs NY Exiles match taking place in Denver on {dateRange}. Check availability of tickets."", ""queries"": [[{""event_names"": [""onyx"", ""exiles""], ""cities"": [""denver""], ""require_available"": true}]], ""location"": ""United States"", ""timezone"": ""America/Denver"", ""values"": {""dateRange"": ""Sundays in next month""}}",real,ticketmaster,e_commerce,sports,null,null,null,validation,null
ticketmaster/sports/rugby/gemini_flexible_dates/101,,"{""_target_"": ""navi_bench.ticketmaster.ticket_info_gathering.generate_task_config_deterministic"", ""mode"": ""any"", ""url"": ""https://www.ticketmaster.com/"", ""task"": ""Find a Twin Cities Gemini game in Eagan. Check ticket availability for {dateRange}."", ""queries"": [[{""event_names"": [""twin cities gemini""], ""cities"": [""eagan""], ""require_available"": true}]], ""location"": ""United States"", ""timezone"": ""America/Chicago"", ""values"": {""dateRange"": ""Saturdays in next month""}}",real,ticketmaster,e_commerce,sports,null,null,null,validation,null
ticketmaster/sports/rugby/hounds_budget/101,,"{""_target_"": ""navi_bench.ticketmaster.ticket_info_gathering.generate_task_config_deterministic"", ""mode"": ""any"", ""url"": ""https://www.ticketmaster.com/"", ""task"": ""Search for the Chicago Hounds vs New England Free Jacks match in Nashville on {dateRange}. Find tickets that cost less than $50."", ""queries"": [[{""event_names"": [""chicago hounds"", ""free jacks""], ""cities"": [""nashville""], ""max_price"": 50.0, ""require_available"": true}]], ""location"": ""United States"", ""timezone"": ""America/Chicago"", ""values"": {""dateRange"": ""Sundays in next month""}}",real,ticketmaster,e_commerce,sports,null,null,null,validation,null
ticketmaster/sports/rugby/breakers_sacramento/101,What will the event query contain?,"{""_target_"": ""navi_bench.ticketmaster.ticket_info_gathering.generate_task_config_deterministic"", ""mode"": ""any"", ""url"": ""https://www.ticketmaster.com/"", ""task"": ""Find the Bay Breakers vs Chicago Tempest match on {dateRange}."", ""queries"": [[{""event_names"": [""bay breakers"", ""tempest""], ""require_available"": true}]], ""location"": ""United States"", ""timezone"": ""America/Los_Angeles"", ""values"": {""dateRange"": ""Sundays in next month""}}",real,ticketmaster,e_commerce,sports,null,null,null,validation,null
ticketmaster/sports/rugby/banshees_breakers_4_tickets/101,What will the event query contain?,"{""_target_"": ""navi_bench.ticketmaster.ticket_info_gathering.generate_task_config_deterministic"", ""mode"": ""any"", ""url"": ""https://www.ticketmaster.com/"", ""task"": ""Search for the Boston Banshees vs Bay Breakers game on {dateRange} in Quincy, search for exactly 4 tickets."", ""queries"": [[{""event_names"": [""boston banshees"", ""bay breakers""], ""cities"": [""quincy""], ""ticket_quantities"": [4], ""require_available"": true}]], ""location"": ""United States"", ""timezone"": ""America/New_York"", ""values"": {""dateRange"": ""Sundays in next month""}}",real,ticketmaster,e_commerce,sports,null,null,null,validation,null
ticketmaster/sports/rugby/onyx_season_ticket/101,updated,"{""_target_"": ""navi_bench.ticketmaster.ticket_info_gathering.generate_task_config_deterministic"", ""mode"": ""any"", ""url"": ""https://www.ticketmaster.com/"", ""task"": ""Locate the Denver Onyx tickets and check availability."", ""queries"": [[{""event_names"": [""denver onyx""], ""require_available"": true}]], ""location"": ""United States"", ""timezone"": ""America/Denver""}",real,ticketmaster,e_commerce,sports,null,null,null,validation,null
ticketmaster/sports/boxing/brick_city_group_budget/101,,"{""_target_"": ""navi_bench.ticketmaster.ticket_info_gathering.generate_task_config_deterministic"", ""mode"": ""any"", ""url"": ""https://www.ticketmaster.com/"", ""task"": ""Search for the Brick City Fight Night Series happening on {dateRange} for exactly 8 tickets priced between minimum $100 and maximum $270."", ""queries"": [[{""event_names"": [""brick city fight night""], ""ticket_quantities"": [8], ""min_price"": 100.0, ""max_price"": 270.0, ""require_available"": true}]], ""location"": ""United States"", ""timezone"": ""America/New_York"", ""values"": {""dateRange"": ""Fridays in next month""}}",real,ticketmaster,e_commerce,sports,null,null,null,validation,null
ticketmaster/sports/boxing/brick_city_row_6/101,,"{""_target_"": ""navi_bench.ticketmaster.ticket_info_gathering.generate_task_config_deterministic"", ""mode"": ""any"", ""url"": ""https://www.ticketmaster.com/"", ""task"": ""Look for tickets to the Brick City Fight Night Series on {dateRange}. Check if there are any tickets available exactly in Row 6."", ""queries"": [[{""event_names"": [""brick city fight night""], ""rows"": [""6""], ""require_available"": true}]], ""location"": ""United States"", ""timezone"": ""America/New_York"", ""values"": {""dateRange"": ""Fridays in next month""}}",real,ticketmaster,e_commerce,sports,null,null,null,validation,null
ticketmaster/sports/boxing/matchroom_orlando/101,,"{""_target_"": ""navi_bench.ticketmaster.ticket_info_gathering.generate_task_config_deterministic"", ""mode"": ""any"", ""url"": ""https://www.ticketmaster.com/"", ""task"": ""Search for the Matchroom Boxing event featuring Adames vs Williams. Navigate specifically to the event happening in Orlando on {dateRange} at 6:00 PM."", ""queries"": [[{""event_names"": [""matchroom boxing"", ""adames v williams""], ""cities"": [""orlando""], ""times"": [""18:00""], ""require_available"": true}]], ""location"": ""United States"", ""timezone"": ""America/New_York"", ""values"": {""dateRange"": ""Saturdays in next month""}}",real,ticketmaster,e_commerce,sports,null,null,null,validation,null
ticketmaster/sports/boxing/thursday_night_anchorage/101,,"{""_target_"": ""navi_bench.ticketmaster.ticket_info_gathering.generate_task_config_deterministic"", ""mode"": ""any"", ""url"": ""https://www.ticketmaster.com/"", ""task"": ""Find tickets for 'Thursday Night At The Fights' in Anchorage, AK. Find the event happening on {dateRange}, not earlier in the month."", ""queries"": [[{""event_names"": [""thursday night at the fights""], ""cities"": [""anchorage""], ""require_available"": true}]], ""location"": ""United States"", ""timezone"": ""America/Anchorage"", ""values"": {""dateRange"": ""Thursdays in next month""}}",real,ticketmaster,e_commerce,sports,null,null,null,validation,null
ticketmaster/sports/boxing/boxing_insider_atlantic_city/101,ticket type to be added,"{""_target_"": ""navi_bench.ticketmaster.ticket_info_gathering.generate_task_config_deterministic"", ""mode"": ""any"", ""url"": ""https://www.ticketmaster.com/"", ""task"": ""Search for the 'Boxing Insider: Live Professional Boxing' event in Atlantic City on {dateRange}. Look at the standard event tickets."", ""queries"": [[{""event_names"": [""boxing insider: live professional boxing""], ""cities"": [""atlantic city""], ""require_available"": true}]], ""location"": ""United States"", ""timezone"": ""America/New_York"", ""values"": {""dateRange"": ""Saturdays in next month""}}",real,ticketmaster,e_commerce,sports,null,null,null,validation,null
ticketmaster/sports/boxing/down_for_the_count_san_antonio/101,,"{""_target_"": ""navi_bench.ticketmaster.ticket_info_gathering.generate_task_config_deterministic"", ""mode"": ""any"", ""url"": ""https://www.ticketmaster.com/"", ""task"": ""Search for the 'Down For The Count' boxing event happening at Sam's Burger Joint in San Antonio, TX on {dateRange}."", ""queries"": [[{""event_names"": [""down for the count""], ""cities"": [""san antonio""], ""venues"": [""sam's burger joint""], ""require_available"": true}]], ""location"": ""United States"", ""timezone"": ""America/Chicago"", ""values"": {""dateRange"": ""Fridays in next month""}}",real,ticketmaster,e_commerce,sports,null,null,null,validation,null
ticketmaster/sports/boxing/foxwoods_bare_knuckle/101,,"{""_target_"": ""navi_bench.ticketmaster.ticket_info_gathering.generate_task_config_deterministic"", ""mode"": ""any"", ""url"": ""https://www.ticketmaster.com/"", ""task"": ""Find tickets for the Foxwoods Fight Night - Bare Knuckle Boxing 52 event in Mashantucket, CT on {dateRange}."", ""queries"": [[{""event_names"": [""foxwoods fight night"", ""bare knuckle boxing 52""], ""cities"": [""mashantucket""], ""require_available"": true}]], ""location"": ""United States"", ""timezone"": ""America/New_York"", ""values"": {""dateRange"": ""Saturdays in next month""}}",real,ticketmaster,e_commerce,sports,null,null,null,validation,null
ticketmaster/sports/boxing/fdny_battle_of_badges/101,,"{""_target_"": ""navi_bench.ticketmaster.ticket_info_gathering.generate_task_config_deterministic"", ""mode"": ""any"", ""url"": ""https://www.ticketmaster.com/"", ""task"": ""Search for the FDNY Bravest Boxing International Battle Of The Badges event happening in New York on {dateRange}."", ""queries"": [[{""event_names"": [""fdny bravest boxing"", ""battle of the badges""], ""cities"": [""new york""], ""require_available"": true}]], ""location"": ""United States"", ""timezone"": ""America/New_York"", ""values"": {""dateRange"": ""Fridays in next month""}}",real,ticketmaster,e_commerce,sports,null,null,null,validation,null